Index,PPPrice
7798,154.0
1788,205.0
2084,244.0
18361,210.0
13939,376.0
2162,209.0
1447,65.0
16780,451.0
5685,207.0
6910,402.0
5224,231.0
6985,285.0
265,202.0
9937,433.0
4628,214.0
16419,318.0
9875,475.0
4956,177.0
9715,210.0
11776,319.0
10151,237.0
1075,162.0
5852,209.0
6379,214.0
10651,502.0
16789,368.0
16585,328.0
12984,324.0
4319,263.0
18549,264.0
12254,367.0
1967,470.0
13399,318.0
14332,586.0
1840,267.0
3279,254.0
14739,272.0
7692,394.0
13924,342.0
14592,296.0
6193,367.0
5050,351.0
15150,436.0
9452,275.0
19345,440.0
10464,399.0
15696,388.0
12790,442.0
7515,294.0
14803,281.0
19915,460.0
15798,302.0
19520,302.0
960,281.0
7869,358.0
9553,346.0
15824,275.0
1630,361.0
2161,165.0
19408,397.0
15960,282.0
13997,377.0
20726,272.0
20272,203.0
18722,369.0
7730,335.0
1818,334.0
4250,457.0
11211,383.0
19713,244.0
6654,275.0
12397,304.0
10359,315.0
238,280.0
19843,272.0
13425,270.0
12141,189.0
19070,47.0
8443,187.0
14730,317.0
3356,193.0
15281,280.0
14216,337.0
15972,121.0
10139,306.0
2152,304.0
20900,470.0
3896,367.0
2305,266.0
5238,241.0
8941,603.0
14665,194.0
8783,269.0
2370,272.0
10955,454.0
6182,216.0
19755,412.0
2480,118.0
16274,286.0
15765,246.0
8681,403.0
6615,391.0
16983,234.0
272,248.0
325,511.0
14859,359.0
9331,253.0
6721,237.0
6202,409.0
19574,335.0
8530,319.0
15054,174.0
14219,235.0
20372,405.0
5307,313.0
16344,213.0
15562,326.0
20438,181.0
2205,164.0
14211,406.0
14107,194.0
5853,483.0
8593,454.0
20623,480.0
10104,337.0
13506,318.0
2061,310.0
20130,258.0
2929,302.0
19079,435.0
9365,260.0
9498,151.0
17380,418.0
10368,218.0
19829,247.0
623,443.0
10472,248.0
14119,360.0
9776,296.0
9924,94.0
20021,201.0
20908,414.0
14699,407.0
226,234.0
8015,231.0
2211,199.0
14618,308.0
4346,424.0
6854,371.0
8800,268.0
13422,386.0
11829,291.0
3518,237.0
15182,294.0
564,496.0
11637,257.0
18455,298.0
7278,434.0
6526,417.0
7024,207.0
5169,197.0
18301,255.0
1568,109.0
2066,232.0
2880,364.0
533,249.0
15341,378.0
9270,228.0
12656,189.0
17911,264.0
2183,187.0
8643,191.0
16461,298.0
11293,367.0
19204,188.0
692,393.0
4983,502.0
7611,346.0
3212,342.0
1631,512.0
16953,451.0
8176,280.0
20777,381.0
18995,207.0
14061,192.0
17796,226.0
11769,274.0
9960,270.0
15085,192.0
15323,292.0
5823,470.0
16040,370.0
10499,369.0
11346,249.0
16233,499.0
88,206.0
2040,211.0
16198,351.0
19487,269.0
2668,454.0
146,305.0
796,321.0
8299,180.0
9894,340.0
7752,154.0
15963,362.0
8462,353.0
20321,344.0
2780,215.0
9264,238.0
12696,286.0
15423,278.0
19098,468.0
16552,220.0
9987,322.0
10212,176.0
6141,349.0
17617,221.0
13779,239.0
9931,283.0
6436,258.0
5242,322.0
17104,448.0
7584,146.0
18004,336.0
8626,398.0
9688,284.0
6375,241.0
16237,131.0
16969,312.0
18177,318.0
6804,276.0
6460,281.0
17301,325.0
15854,261.0
5359,365.0
13451,327.0
15736,367.0
7260,211.0
5254,222.0
19528,224.0
9957,219.0
7768,370.0
16522,218.0
3678,319.0
19965,468.0
6903,304.0
18828,346.0
5860,371.0
2348,432.0
3829,255.0
7266,605.0
16933,448.0
6217,292.0
10852,191.0
18132,298.0
19704,384.0
19415,362.0
8877,418.0
9479,219.0
18680,280.0
15251,380.0
17894,387.0
20081,506.0
12356,457.0
6251,309.0
1986,203.0
13980,318.0
12535,275.0
14006,207.0
11070,101.0
14746,155.0
853,260.0
12387,256.0
16440,123.0
1510,324.0
18443,52.0
4492,296.0
12290,452.0
2127,394.0
5153,245.0
18173,153.0
10061,341.0
5339,167.0
4289,467.0
4478,275.0
6068,166.0
11223,105.0
3873,329.0
18506,391.0
7070,364.0
19597,414.0
8444,428.0
12997,380.0
2080,307.0
10647,298.0
6206,253.0
1010,360.0
13134,348.0
12270,277.0
6509,348.0
16503,378.0
5845,262.0
12712,278.0
8307,367.0
15790,280.0
8564,188.0
501,427.0
15040,111.0
11695,320.0
20443,288.0
15543,361.0
17585,258.0
20159,217.0
8790,207.0
6072,346.0
20066,328.0
19972,286.0
17101,333.0
3345,359.0
16142,250.0
14551,364.0
20795,291.0
16176,267.0
4139,327.0
15668,323.0
684,264.0
11158,226.0
12759,81.0
13638,234.0
17951,346.0
20495,319.0
10991,344.0
480,301.0
6784,289.0
17960,250.0
18603,390.0
5710,301.0
432,308.0
12098,359.0
20459,411.0
1000,199.0
20326,304.0
4068,153.0
13709,234.0
18580,352.0
19250,463.0
19752,258.0
10702,206.0
11525,431.0
3095,387.0
5450,165.0
20342,230.0
11679,270.0
15761,537.0
19284,308.0
6393,204.0
5747,389.0
18591,451.0
10621,137.0
13411,444.0
16895,277.0
17957,243.0
12578,418.0
308,335.0
6494,478.0
7252,252.0
10084,200.0
18417,227.0
7559,412.0
12190,224.0
5194,106.0
762,333.0
2906,174.0
7295,498.0
1158,225.0
13751,374.0
13125,242.0
19556,157.0
5163,160.0
1115,250.0
12468,354.0
3457,251.0
6622,281.0
15941,67.0
5406,195.0
4490,358.0
273,92.0
17094,366.0
6931,384.0
13204,260.0
17900,178.0
19158,196.0
3889,428.0
14677,562.0
6629,277.0
4488,511.0
19121,212.0
10247,320.0
20185,93.0
4227,212.0
10028,220.0
1775,269.0
562,459.0
13699,378.0
11434,280.0
6353,305.0
20676,428.0
5401,396.0
8672,302.0
17649,435.0
8270,324.0
10625,422.0
6400,319.0
15427,303.0
15294,376.0
4916,93.0
16509,194.0
17798,147.0
12709,248.0
3217,347.0
15299,298.0
4252,253.0
13689,394.0
415,336.0
7662,201.0
11692,220.0
19272,268.0
17190,206.0
17144,496.0
6320,419.0
12386,527.0
267,108.0
18746,516.0
16976,392.0
5193,307.0
1718,306.0
20418,429.0
19737,348.0
4186,297.0
7733,307.0
12206,310.0
15163,374.0
19242,314.0
17764,292.0
5815,366.0
2949,218.0
4652,246.0
7114,331.0
294,368.0
10388,270.0
17922,219.0
7941,189.0
103,348.0
11761,225.0
2548,310.0
3808,422.0
19813,406.0
8050,296.0
14804,265.0
1396,396.0
6481,529.0
12524,342.0
9150,298.0
12155,285.0
11195,515.0
14328,372.0
11905,332.0
3183,471.0
16934,223.0
3624,331.0
3828,548.0
7062,247.0
5838,229.0
15999,359.0
10033,313.0
12163,204.0
14815,225.0
6859,296.0
17362,253.0
300,150.0
15939,443.0
5106,423.0
4054,411.0
14280,162.0
14900,327.0
10726,340.0
5599,244.0
12465,364.0
15882,242.0
851,95.0
4937,401.0
11234,205.0
2758,286.0
12440,226.0
631,222.0
875,388.0
16489,430.0
15764,169.0
11605,149.0
15841,387.0
15297,454.0
13093,498.0
6187,280.0
18167,315.0
4719,248.0
19584,493.0
10002,400.0
12364,332.0
15791,205.0
15908,259.0
9749,349.0
634,387.0
7664,202.0
14026,240.0
14846,202.0
4239,438.0
14538,373.0
17356,334.0
2757,262.0
20436,400.0
6219,314.0
9416,143.0
2398,267.0
3562,132.0
18647,339.0
8651,200.0
18284,392.0
7033,320.0
1677,82.0
10325,266.0
19902,414.0
19599,106.0
3603,273.0
17542,311.0
14793,208.0
16682,46.0
12241,413.0
18966,275.0
3875,290.0
1211,285.0
10947,507.0
15901,277.0
18901,333.0
2990,42.0
4095,460.0
19801,381.0
3487,396.0
2141,220.0
19989,485.0
12069,286.0
2089,215.0
10755,439.0
6428,409.0
14490,192.0
20512,241.0
3064,365.0
6113,151.0
17872,294.0
19841,446.0
12036,193.0
2931,364.0
19768,221.0
10278,255.0
19910,390.0
6107,313.0
8409,288.0
13427,423.0
19292,189.0
17119,416.0
5952,441.0
16517,302.0
8312,252.0
8316,269.0
19369,358.0
4436,216.0
20671,213.0
10976,199.0
14958,73.0
4988,240.0
15504,165.0
10093,150.0
6358,292.0
1853,428.0
3590,355.0
20794,311.0
18575,244.0
7934,227.0
19328,291.0
4845,110.0
19176,203.0
7207,315.0
7080,385.0
15966,413.0
12235,309.0
6825,231.0
15982,274.0
17668,367.0
14289,121.0
10824,132.0
19126,358.0
9306,257.0
12801,340.0
7880,316.0
15673,333.0
19886,196.0
11799,215.0
18709,314.0
11642,231.0
19387,209.0
6556,317.0
20124,300.0
860,204.0
5817,309.0
5372,254.0
11998,134.0
10038,300.0
14033,202.0
13564,204.0
5629,465.0
4320,262.0
19365,376.0
3041,437.0
2389,436.0
3705,187.0
8990,325.0
7063,312.0
6625,154.0
15794,385.0
8602,358.0
5492,418.0
19209,392.0
7592,286.0
10912,461.0
5578,121.0
4681,200.0
2444,280.0
16936,177.0
15165,264.0
18975,320.0
9659,243.0
4063,96.0
1888,324.0
13295,295.0
9053,340.0
1848,398.0
13490,275.0
13267,319.0
2645,280.0
10054,226.0
2499,316.0
12137,275.0
19256,340.0
16473,354.0
17657,336.0
9235,199.0
2013,130.0
16788,201.0
7327,324.0
152,482.0
3128,340.0
20049,513.0
15843,552.0
20313,343.0
9682,334.0
13805,196.0
5046,388.0
4279,160.0
11046,478.0
6265,124.0
19853,195.0
18227,379.0
18962,133.0
1846,264.0
10111,335.0
12553,359.0
2961,228.0
14014,238.0
230,168.0
7389,155.0
12836,225.0
5903,314.0
10990,162.0
18735,479.0
18567,291.0
5041,80.0
20738,356.0
9955,308.0
14316,506.0
13408,282.0
14757,276.0
8494,179.0
17933,100.0
1225,407.0
530,264.0
14664,279.0
20220,390.0
2624,194.0
2310,460.0
9217,262.0
20784,464.0
17026,399.0
12209,445.0
14923,276.0
4849,479.0
19127,273.0
3205,313.0
16143,338.0
9407,331.0
19816,460.0
13477,153.0
14765,202.0
14403,517.0
15000,326.0
1201,309.0
11766,287.0
18401,140.0
1414,447.0
6972,387.0
3881,301.0
20000,365.0
8356,307.0
3976,245.0
7028,408.0
10916,295.0
287,348.0
11389,437.0
18604,411.0
5185,343.0
5348,406.0
17330,305.0
9667,368.0
2720,446.0
10162,483.0
14795,345.0
19029,354.0
9902,356.0
16023,357.0
14471,303.0
12322,194.0
13277,242.0
6367,188.0
3982,351.0
20947,193.0
15751,325.0
6713,180.0
10595,164.0
1305,303.0
7122,320.0
5274,148.0
9948,374.0
15950,255.0
24,221.0
2822,511.0
10440,342.0
8293,304.0
8584,259.0
9301,372.0
8243,302.0
11913,240.0
9995,309.0
11050,353.0
3044,182.0
10703,154.0
17233,288.0
14413,263.0
1843,483.0
4257,355.0
9367,379.0
11848,258.0
18257,250.0
13885,340.0
20180,554.0
4104,167.0
3236,366.0
15483,313.0
5739,408.0
14231,272.0
11758,209.0
1603,322.0
1532,157.0
17800,278.0
20102,315.0
13938,306.0
1178,216.0
8736,323.0
2115,351.0
18136,221.0
13459,125.0
3754,238.0
9729,181.0
6796,399.0
156,227.0
11432,258.0
372,184.0
14020,386.0
3777,141.0
11598,348.0
5155,388.0
2393,356.0
3427,539.0
7363,211.0
4422,501.0
6014,318.0
20797,415.0
405,319.0
757,228.0
6351,352.0
6256,473.0
12676,237.0
10320,251.0
4540,323.0
11630,154.0
2112,365.0
19682,250.0
2238,373.0
16333,409.0
9489,328.0
11325,241.0
15442,258.0
346,413.0
20041,215.0
19673,360.0
1320,237.0
1325,173.0
13625,362.0
4259,77.0
11917,407.0
4110,283.0
16494,131.0
4495,181.0
10347,328.0
20017,278.0
5883,91.0
2134,262.0
7067,318.0
16812,86.0
18605,370.0
8818,167.0
4649,312.0
1445,320.0
10415,209.0
5064,472.0
17410,281.0
11203,308.0
9643,246.0
3849,148.0
11277,385.0
4231,361.0
15784,296.0
16945,378.0
15207,324.0
10439,493.0
3389,288.0
14127,407.0
4457,137.0
12113,353.0
2657,420.0
5369,251.0
17109,274.0
16093,292.0
10293,528.0
19730,159.0
4210,208.0
20028,336.0
14245,264.0
5568,284.0
16559,377.0
2337,109.0
5674,629.0
13756,427.0
6894,368.0
632,201.0
17999,443.0
17173,-32.0
1937,335.0
1704,319.0
4686,264.0
5797,419.0
11593,339.0
2163,257.0
13409,415.0
13708,250.0
12529,238.0
15291,285.0
9277,184.0
5435,211.0
20010,384.0
18195,98.0
4514,316.0
14633,369.0
20487,339.0
1729,152.0
12678,359.0
11245,126.0
8982,303.0
13764,296.0
18384,363.0
11699,188.0
4743,315.0
11501,326.0
2774,234.0
10666,133.0
14407,336.0
4156,302.0
11244,303.0
12068,255.0
14718,167.0
15728,323.0
13413,346.0
14918,366.0
5341,305.0
18038,433.0
14692,296.0
3681,394.0
17954,348.0
8557,235.0
4707,179.0
17194,426.0
19004,262.0
2614,183.0
1615,320.0
20389,380.0
19979,256.0
14497,349.0
10846,253.0
3318,483.0
2369,263.0
20793,372.0
13882,227.0
18755,353.0
16202,411.0
10510,399.0
4584,336.0
6852,350.0
26,298.0
15147,252.0
7650,316.0
4230,382.0
8861,257.0
8854,264.0
16096,351.0
19820,253.0
11494,215.0
13115,244.0
5308,349.0
10678,205.0
14258,368.0
18518,390.0
15177,219.0
815,243.0
11283,439.0
8525,404.0
2962,230.0
15814,297.0
3706,310.0
5996,444.0
10001,194.0
8817,345.0
8297,276.0
17189,200.0
2634,399.0
1605,248.0
328,321.0
20169,257.0
17152,235.0
1112,454.0
5740,314.0
12219,391.0
9417,474.0
8320,235.0
18806,179.0
11658,406.0
11516,353.0
18437,293.0
13606,364.0
20427,460.0
19471,344.0
12518,382.0
20672,230.0
14078,448.0
20406,334.0
6738,565.0
2176,245.0
5775,115.0
15590,173.0
18656,408.0
3259,412.0
10679,411.0
9063,217.0
17424,310.0
6432,309.0
19867,250.0
15998,332.0
2308,369.0
3616,258.0
19747,182.0
12453,290.0
5689,277.0
6075,554.0
999,419.0
19191,315.0
7134,316.0
16250,257.0
17988,232.0
15749,191.0
3560,206.0
3661,324.0
4101,25.0
4218,330.0
15892,270.0
2823,362.0
14102,211.0
18552,228.0
5892,327.0
9725,257.0
5953,270.0
678,257.0
18672,394.0
1082,233.0
5951,426.0
5334,222.0
6862,164.0
2895,282.0
5527,562.0
17368,317.0
11496,183.0
11209,361.0
15488,339.0
15278,444.0
16851,332.0
2253,224.0
13653,461.0
9330,513.0
6652,177.0
9104,332.0
4275,334.0
4660,459.0
4808,409.0
19722,333.0
6905,239.0
4202,242.0
20294,332.0
3401,350.0
16313,293.0
15140,266.0
3850,113.0
5962,273.0
11653,262.0
7983,181.0
642,259.0
11757,287.0
12162,403.0
13432,162.0
5333,341.0
10396,388.0
2943,167.0
14179,328.0
14504,252.0
4762,393.0
4154,209.0
2351,135.0
6561,469.0
13571,164.0
9653,365.0
15540,302.0
12956,432.0
1950,330.0
13353,254.0
16884,315.0
72,201.0
20158,298.0
19608,203.0
14196,409.0
3006,272.0
20350,209.0
12941,346.0
14066,516.0
20588,349.0
11552,84.0
5803,312.0
9453,245.0
8044,325.0
16287,355.0
2148,354.0
16145,208.0
15193,413.0
9311,163.0
2528,420.0
8758,339.0
20977,310.0
1918,261.0
4456,216.0
16247,319.0
5438,328.0
8100,242.0
6863,233.0
4185,309.0
2674,311.0
3418,233.0
3972,299.0
20356,177.0
5010,191.0
13317,382.0
16174,350.0
11119,263.0
9255,398.0
4128,371.0
7085,307.0
3275,247.0
10157,80.0
6624,149.0
10530,296.0
11741,193.0
20501,177.0
17658,287.0
12539,374.0
9469,299.0
15953,419.0
20166,506.0
11381,532.0
12729,427.0
16500,439.0
12333,70.0
9918,493.0
20118,424.0
7464,356.0
19731,217.0
12986,494.0
15322,446.0
15809,228.0
7393,319.0
15662,324.0
5773,108.0
11969,331.0
16036,209.0
895,270.0
8247,567.0
333,284.0
19500,295.0
8644,295.0
15714,253.0
17428,474.0
4331,260.0
9922,336.0
14596,198.0
8575,221.0
19034,173.0
19262,345.0
934,208.0
5421,355.0
1015,299.0
20986,405.0
5617,290.0
2737,341.0
6457,376.0
2247,338.0
4228,301.0
11794,283.0
5144,183.0
20820,307.0
14903,280.0
20039,341.0
14415,340.0
15265,171.0
12045,144.0
11923,233.0
13732,380.0
8684,198.0
5234,503.0
17214,252.0
10109,295.0
15222,171.0
11796,340.0
11812,162.0
8280,437.0
1349,277.0
19762,307.0
12604,327.0
3593,32.0
9483,133.0
11276,372.0
6061,266.0
3386,348.0
12768,232.0
10734,366.0
2174,251.0
20351,334.0
4467,144.0
20760,-26.0
15752,214.0
7635,44.0
13316,148.0
15546,344.0
11835,212.0
3737,299.0
724,488.0
11571,329.0
16755,86.0
10120,504.0
20446,316.0
9224,224.0
1511,152.0
7675,243.0
848,258.0
13998,252.0
4030,311.0
6670,271.0
4278,266.0
4146,441.0
9304,523.0
16635,377.0
10437,256.0
15678,272.0
12514,229.0
18260,195.0
4477,447.0
11237,239.0
10602,303.0
6238,508.0
540,403.0
1737,411.0
18109,221.0
7242,394.0
974,105.0
10040,215.0
10741,327.0
13531,252.0
14013,353.0
9953,331.0
820,274.0
6872,236.0
12304,335.0
11988,197.0
4235,297.0
16442,454.0
8104,194.0
9026,224.0
2924,429.0
10339,460.0
9153,417.0
18000,200.0
17507,407.0
6971,328.0
19658,359.0
13444,347.0
3078,243.0
12091,264.0
4597,432.0
1916,387.0
8897,390.0
10954,247.0
5120,374.0
2656,331.0
16483,325.0
6267,461.0
19629,419.0
18369,243.0
3673,168.0
16829,230.0
5594,400.0
5573,458.0
2232,185.0
13262,380.0
17547,381.0
20146,217.0
948,357.0
16159,400.0
7468,399.0
220,345.0
11202,241.0
5378,366.0
19407,329.0
15869,283.0
15648,293.0
1497,169.0
16108,211.0
18365,412.0
12626,431.0
16210,160.0
271,430.0
8600,560.0
5908,314.0
4608,317.0
2492,275.0
19380,414.0
8913,399.0
5286,341.0
13525,450.0
2819,202.0
2598,207.0
11111,262.0
9862,161.0
19003,368.0
13388,391.0
13214,335.0
3520,300.0
19708,404.0
13389,421.0
3466,289.0
4989,129.0
15921,182.0
19647,288.0
3686,313.0
4548,208.0
10861,121.0
18686,299.0
12797,286.0
6975,144.0
14489,270.0
15930,169.0
8885,315.0
15179,403.0
1392,436.0
2768,196.0
17828,442.0
2226,293.0
15948,391.0
2740,265.0
9712,293.0
10201,331.0
9081,284.0
19391,320.0
20349,349.0
18780,184.0
13651,267.0
2769,289.0
7197,117.0
15762,350.0
1335,415.0
20559,348.0
18697,123.0
4680,188.0
7204,368.0
3687,420.0
8779,349.0
12071,310.0
5937,310.0
17197,84.0
2097,252.0
4529,183.0
6882,342.0
3922,291.0
12444,408.0
7291,171.0
12104,296.0
13608,234.0
14113,428.0
12532,229.0
2908,320.0
13620,243.0
15321,272.0
6575,282.0
7874,63.0
13133,393.0
19251,363.0
19231,205.0
9983,454.0
4792,224.0
7955,320.0
6850,267.0
8284,428.0
13197,322.0
6683,237.0
10035,294.0
3914,330.0
5716,225.0
19095,189.0
4918,254.0
8070,194.0
13908,399.0
20842,139.0
16994,228.0
14817,163.0
4637,420.0
15598,382.0
10819,396.0
14916,322.0
4265,415.0
6794,323.0
217,186.0
18612,454.0
20729,220.0
13873,370.0
2993,336.0
176,235.0
2864,238.0
1125,247.0
13334,317.0
10725,427.0
14989,272.0
1787,167.0
15715,287.0
3901,183.0
16975,506.0
1593,328.0
181,351.0
14418,331.0
9066,145.0
6411,475.0
14729,402.0
6423,243.0
2257,213.0
12996,212.0
20616,293.0
15561,150.0
9454,487.0
19410,337.0
6262,338.0
7620,348.0
16073,377.0
13063,235.0
17666,379.0
5519,408.0
4352,159.0
4093,382.0
8330,227.0
14382,277.0
10256,114.0
11666,333.0
355,301.0
6813,231.0
2008,153.0
1822,422.0
6310,349.0
11733,231.0
18808,141.0
18179,368.0
16398,265.0
14349,293.0
367,382.0
7222,290.0
1829,456.0
16437,171.0
20270,395.0
4233,165.0
15922,182.0
5204,347.0
15705,381.0
9185,389.0
17599,207.0
15361,433.0
3718,270.0
1308,164.0
10804,222.0
20126,326.0
11613,366.0
11099,466.0
11912,466.0
13700,215.0
18193,504.0
17146,123.0
12250,402.0
7908,121.0
19689,170.0
2309,236.0
5675,422.0
5777,326.0
10128,339.0
20240,161.0
363,440.0
1785,264.0
11274,330.0
8064,251.0
14007,223.0
9156,197.0
18176,319.0
17007,405.0
8363,263.0
3475,266.0
16475,407.0
298,100.0
9215,487.0
8366,462.0
2356,259.0
2157,407.0
4556,327.0
9989,382.0
2968,288.0
13559,323.0
14865,228.0
6057,384.0
18068,509.0
19926,186.0
12108,340.0
7264,250.0
20091,215.0
9580,279.0
9336,246.0
8282,202.0
9575,556.0
3020,508.0
14392,430.0
14794,311.0
9586,309.0
8012,426.0
6225,277.0
10284,478.0
16763,287.0
5454,261.0
16647,227.0
6279,114.0
9773,294.0
9550,267.0
8698,457.0
7378,330.0
18287,169.0
5961,338.0
14121,185.0
9422,306.0
8726,227.0
10890,226.0
20125,304.0
3449,214.0
6222,238.0
3716,203.0
19991,301.0
15086,90.0
7414,335.0
10099,212.0
12718,299.0
17801,295.0
2001,386.0
1610,243.0
7306,280.0
7916,279.0
3742,346.0
10723,334.0
1771,215.0
9547,391.0
2330,255.0
16055,166.0
5261,229.0
5148,339.0
9579,312.0
12031,265.0
7270,310.0
3299,339.0
15501,413.0
14769,272.0
3548,66.0
3872,333.0
19996,412.0
9410,426.0
5482,236.0
6653,532.0
13714,242.0
19257,436.0
10006,503.0
16343,391.0
18719,415.0
2039,196.0
11765,436.0
13144,281.0
9832,375.0
5713,435.0
18319,220.0
13372,262.0
3532,259.0
14062,263.0
1327,280.0
376,155.0
2128,297.0
5128,293.0
2755,385.0
17341,338.0
19833,424.0
9145,432.0
16745,288.0
1380,361.0
602,212.0
8212,337.0
12763,339.0
8880,381.0
19041,362.0
16756,297.0
6430,139.0
5741,281.0
17249,408.0
12579,262.0
20404,316.0
5016,167.0
5235,246.0
566,404.0
2336,366.0
12890,279.0
18250,428.0
10410,53.0
19956,146.0
14325,256.0
18954,386.0
19382,354.0
19159,346.0
16540,301.0
11428,283.0
12176,231.0
12666,404.0
10661,513.0
11063,355.0
7194,299.0
9289,466.0
2893,308.0
1699,400.0
11878,282.0
9018,129.0
13249,279.0
16853,298.0
1652,181.0
18542,204.0
5827,383.0
206,368.0
5990,309.0
4026,180.0
15722,303.0
13949,303.0
6052,427.0
20291,376.0
19122,366.0
5483,261.0
12492,433.0
2956,256.0
925,246.0
3533,125.0
969,454.0
7513,183.0
60,244.0
9420,430.0
12376,285.0
19963,272.0
20514,291.0
7875,336.0
15025,334.0
14597,221.0
16554,199.0
1566,171.0
18805,217.0
11072,312.0
2773,175.0
20993,351.0
4797,307.0
12400,180.0
19347,181.0
7924,198.0
13010,184.0
2530,193.0
2230,435.0
1455,213.0
14577,398.0
1378,204.0
2198,420.0
5031,262.0
2884,312.0
15627,127.0
10333,427.0
8915,439.0
3323,241.0
6891,218.0
9449,273.0
344,325.0
16686,261.0
6877,306.0
9919,252.0
12326,224.0
14244,327.0
14203,458.0
17387,295.0
10969,352.0
3563,284.0
6551,279.0
20502,472.0
4308,191.0
1020,379.0
4451,309.0
378,338.0
1743,516.0
212,296.0
4898,168.0
4830,265.0
5345,308.0
7642,254.0
8960,287.0
7586,329.0
18231,427.0
5695,112.0
17495,251.0
5582,243.0
15724,243.0
9915,226.0
10370,207.0
9810,396.0
6964,355.0
6693,260.0
2320,340.0
11335,319.0
2507,248.0
4705,352.0
7701,296.0
20615,219.0
16942,328.0
11360,434.0
9585,398.0
7786,251.0
8265,338.0
701,405.0
15206,226.0
682,114.0
11723,194.0
429,219.0
17339,245.0
8691,322.0
20633,350.0
7812,517.0
17333,284.0
11855,440.0
14312,160.0
1129,144.0
8377,250.0
7578,221.0
10727,311.0
18698,495.0
18724,233.0
10988,297.0
19452,284.0
9593,77.0
13414,338.0
6399,407.0
19192,314.0
5630,420.0
12761,345.0
19745,329.0
17910,224.0
286,242.0
575,396.0
13476,288.0
78,394.0
14481,279.0
1216,323.0
5915,528.0
18608,286.0
12132,279.0
9079,244.0
12990,293.0
6071,405.0
14820,291.0
2396,241.0
1735,388.0
10118,159.0
6909,317.0
1353,349.0
4242,284.0
18261,247.0
7488,226.0
11467,418.0
17859,212.0
4216,265.0
17198,362.0
16822,459.0
349,95.0
535,159.0
2216,173.0
10254,318.0
15205,290.0
5379,342.0
16817,29.0
18375,351.0
16569,198.0
4902,269.0
10203,186.0
18988,376.0
17312,372.0
19030,214.0
18949,248.0
13862,357.0
16474,261.0
7972,383.0
2681,352.0
7166,243.0
16609,482.0
2501,296.0
20400,197.0
6906,243.0
889,455.0
18673,289.0
19572,229.0
16153,500.0
16338,165.0
4685,442.0
10542,261.0
3446,347.0
8900,446.0
4994,327.0
8975,155.0
7562,391.0
17259,358.0
11949,230.0
16732,382.0
20155,222.0
14046,296.0
12798,230.0
12650,321.0
15931,290.0
19462,126.0
10071,177.0
11382,254.0
19339,344.0
7126,360.0
6433,167.0
2322,384.0
10366,228.0
16130,323.0
9901,282.0
18618,320.0
20586,177.0
11818,211.0
10428,212.0
12792,284.0
17550,377.0
18481,107.0
14365,361.0
10433,174.0
20584,304.0
2437,577.0
16629,216.0
5614,218.0
5931,256.0
17937,258.0
3326,211.0
9619,131.0
12915,145.0
11105,363.0
15828,333.0
3731,338.0
7676,348.0
1218,391.0
10263,334.0
19850,385.0
13837,349.0
392,342.0
17029,299.0
6574,155.0
14297,330.0
6466,298.0
909,309.0
14695,320.0
15191,298.0
15001,166.0
2131,431.0
7020,253.0
12459,290.0
19729,576.0
6675,402.0
8218,277.0
5167,469.0
18317,299.0
10423,311.0
15030,262.0
12208,297.0
14776,266.0
18348,171.0
15521,340.0
1294,249.0
303,363.0
5637,196.0
5540,245.0
12828,200.0
1575,-49.0
292,99.0
6474,123.0
18424,257.0
18652,407.0
4506,258.0
11378,452.0
10364,251.0
17755,303.0
19559,256.0
10535,412.0
4499,365.0
3702,204.0
7721,337.0
17477,349.0
750,289.0
20390,289.0
4784,317.0
481,208.0
13597,359.0
16485,447.0
10406,318.0
2285,153.0
2785,201.0
13799,180.0
8748,377.0
4612,355.0
20733,322.0
15772,287.0
18694,356.0
20111,264.0
20085,186.0
9161,270.0
19633,203.0
11919,417.0
11068,301.0
6861,395.0
12506,251.0
2591,169.0
10063,382.0
3258,264.0
496,350.0
8165,243.0
5437,459.0
17578,307.0
7595,299.0
4943,357.0
5999,225.0
3580,411.0
8298,130.0
6323,382.0
8067,378.0
14360,339.0
15380,245.0
12597,207.0
15534,326.0
8903,616.0
4159,461.0
19330,191.0
18843,391.0
12462,372.0
14443,206.0
1719,97.0
2169,283.0
9494,298.0
6016,374.0
7203,210.0
15075,249.0
1107,272.0
1299,403.0
158,450.0
20983,279.0
12732,357.0
9647,367.0
20577,219.0
20281,309.0
1424,340.0
10699,461.0
12374,251.0
16668,322.0
2621,323.0
16017,449.0
7829,298.0
10977,328.0
20488,223.0
5882,278.0
7953,192.0
15770,253.0
4900,215.0
20533,298.0
15907,235.0
12684,327.0
11319,321.0
4299,307.0
18553,496.0
14797,294.0
11576,567.0
1798,303.0
8370,299.0
9831,505.0
13183,249.0
3899,431.0
4866,361.0
822,272.0
9413,326.0
20218,262.0
1156,326.0
9889,364.0
17149,145.0
7703,276.0
17653,479.0
2324,452.0
2199,531.0
16291,407.0
19980,390.0
8827,336.0
4805,183.0
5056,266.0
4675,293.0
17294,228.0
20278,548.0
3608,308.0
6966,492.0
6112,268.0
11600,560.0
5298,148.0
10764,339.0
4974,176.0
3897,251.0
10405,217.0
4470,156.0
16627,262.0
13575,198.0
1245,280.0
10917,456.0
6676,352.0
4479,360.0
17568,279.0
16288,139.0
11290,435.0
8573,311.0
16605,477.0
306,241.0
16618,424.0
6829,140.0
3920,447.0
13284,249.0
558,207.0
9233,403.0
12192,147.0
18795,314.0
5563,436.0
9980,280.0
761,244.0
11253,258.0
17835,57.0
322,299.0
6085,360.0
11514,305.0
14570,261.0
3016,206.0
16990,382.0
10670,251.0
7451,213.0
798,356.0
18738,172.0
20603,464.0
4365,436.0
12704,264.0
12699,373.0
18047,320.0
20461,192.0
20211,175.0
7823,181.0
11128,254.0
1490,238.0
8415,296.0
15569,271.0
13968,234.0
5412,261.0
17261,377.0
17505,405.0
1791,257.0
12727,382.0
18859,298.0
15780,246.0
13715,404.0
2678,239.0
11843,354.0
5980,306.0
13337,397.0
7025,272.0
5017,246.0
10152,497.0
10781,280.0
13292,246.0
16386,488.0
11214,419.0
8484,259.0
16168,241.0
936,318.0
17310,226.0
5332,292.0
19803,233.0
3739,253.0
10289,256.0
5491,291.0
17135,333.0
542,296.0
16321,244.0
18943,216.0
6744,358.0
19132,275.0
9771,351.0
16981,217.0
4205,554.0
3348,158.0
3361,315.0
115,357.0
8922,278.0
17490,493.0
20080,288.0
14715,215.0
15271,443.0
19308,190.0
7178,598.0
8117,300.0
7157,376.0
16300,285.0
6269,301.0
1449,294.0
5306,305.0
9175,394.0
5858,273.0
10870,329.0
6746,250.0
5687,232.0
10442,348.0
12805,178.0
12109,406.0
10236,159.0
20370,477.0
7228,229.0
19296,351.0
18347,454.0
7110,368.0
677,301.0
2549,346.0
17293,188.0
18733,217.0
388,311.0
14410,274.0
10465,396.0
17939,210.0
17451,240.0
1647,325.0
5043,222.0
3358,296.0
18663,206.0
4546,401.0
10844,272.0
12934,281.0
19784,125.0
4782,203.0
7224,388.0
1061,218.0
16037,428.0
5052,339.0
11884,250.0
20137,107.0
5367,308.0
16100,242.0
6465,338.0
11715,418.0
9397,335.0
18797,346.0
2951,353.0
19557,358.0
8875,214.0
6097,435.0
11212,344.0
18122,404.0
15489,213.0
7815,328.0
3388,203.0
8403,301.0
9858,239.0
18753,369.0
10697,381.0
6117,493.0
2321,288.0
6459,285.0
6978,369.0
17244,233.0
10835,246.0
15927,403.0
15735,327.0
12259,307.0
19636,268.0
20016,329.0
3265,168.0
20364,167.0
18163,297.0
16843,303.0
12643,367.0
5846,370.0
14818,295.0
9341,242.0
4960,331.0
20847,301.0
18597,230.0
18353,345.0
14148,281.0
18044,271.0
18659,193.0
10129,436.0
2534,369.0
5620,232.0
17252,170.0
2078,139.0
4261,286.0
11305,381.0
8791,266.0
12988,234.0
6636,380.0
1226,438.0
15717,293.0
20663,192.0
433,391.0
19971,455.0
9381,266.0
7235,225.0
4434,353.0
4998,485.0
17825,209.0
17681,271.0
18690,144.0
14284,377.0
14278,509.0
15181,236.0
18807,461.0
5008,338.0
5488,454.0
101,139.0
20614,374.0
10329,260.0
2874,267.0
2988,173.0
18444,462.0
1450,428.0
17151,110.0
6190,307.0
2838,302.0
1544,308.0
18862,342.0
7041,275.0
9186,205.0
20767,256.0
2027,175.0
1529,413.0
12042,416.0
4638,282.0
15646,441.0
5580,647.0
5830,525.0
507,341.0
8515,358.0
2655,273.0
694,279.0
14945,153.0
1519,469.0
10675,427.0
17468,278.0
9608,167.0
17523,203.0
2421,234.0
2842,248.0
20089,309.0
4077,398.0
16535,267.0
15122,409.0
12877,347.0
20346,281.0
3308,167.0
3732,306.0
666,315.0
3862,320.0
6644,155.0
4402,450.0
14298,402.0
5408,292.0
15593,487.0
9881,419.0
13301,190.0
11435,465.0
1248,237.0
4042,294.0
6669,168.0
8611,268.0
2463,392.0
14929,142.0
14638,379.0
4302,293.0
11243,288.0
3347,484.0
2379,248.0
891,275.0
17393,181.0
15263,314.0
11638,342.0
12410,308.0
19300,183.0
18897,263.0
15399,411.0
16421,350.0
8720,407.0
20329,352.0
20059,234.0
4025,367.0
12478,368.0
5337,392.0
3131,237.0
3964,208.0
9503,387.0
15375,326.0
16340,257.0
3701,328.0
17553,292.0
10447,258.0
15185,307.0
119,253.0
10611,398.0
9044,425.0
12913,418.0
12466,92.0
6391,414.0
1717,188.0
10640,260.0
10761,456.0
2704,308.0
3907,282.0
199,375.0
20361,285.0
14276,395.0
10243,231.0
3025,317.0
17936,486.0
16200,486.0
19376,305.0
131,367.0
13188,339.0
17486,271.0
7978,476.0
4643,286.0
18351,274.0
14412,183.0
7479,316.0
10506,322.0
5820,528.0
10378,345.0
6176,508.0
3246,377.0
13934,356.0
3027,390.0
13242,231.0
9974,357.0
16358,338.0
9166,572.0
10386,371.0
16266,362.0
1978,391.0
20030,281.0
10184,236.0
4083,242.0
9200,351.0
5403,204.0
8821,273.0
4599,241.0
12528,235.0
19389,18.0
12909,231.0
2688,267.0
12882,411.0
419,304.0
3235,483.0
18337,241.0
8007,310.0
613,386.0
9043,44.0
19650,173.0
17321,307.0
4620,380.0
16604,166.0
8318,180.0
13893,332.0
12788,438.0
20831,363.0
15077,339.0
7155,511.0
14191,306.0
11328,361.0
13032,311.0
12537,326.0
20494,313.0
12832,382.0
15272,158.0
11749,313.0
11943,397.0
17915,425.0
10646,325.0
11640,274.0
5157,270.0
13260,267.0
16698,325.0
19924,219.0
4225,210.0
12951,400.0
189,323.0
9290,408.0
9567,370.0
7998,194.0
5357,431.0
2648,275.0
2302,329.0
14460,343.0
15699,141.0
4023,299.0
20209,282.0
3703,376.0
13191,423.0
9952,462.0
6448,468.0
5267,396.0
6307,28.0
20379,249.0
7742,372.0
5462,277.0
10607,431.0
1588,180.0
15134,199.0
14554,214.0
6305,295.0
20330,201.0
19453,346.0
13889,107.0
2677,302.0
17218,338.0
9944,334.0
8031,614.0
6340,415.0
6911,280.0
15269,356.0
8837,198.0
5209,229.0
12943,183.0
20,271.0
83,187.0
19196,313.0
3704,205.0
12004,240.0
18976,243.0
17364,166.0
20530,384.0
4229,134.0
9384,362.0
15430,196.0
11122,274.0
10558,288.0
10931,323.0
10810,339.0
20538,276.0
10448,378.0
17464,459.0
15049,279.0
20189,331.0
14085,282.0
11746,290.0
13912,403.0
3632,383.0
2072,186.0
10031,251.0
13866,304.0
19601,268.0
727,162.0
15679,159.0
8578,277.0
7772,292.0
12188,287.0
7892,311.0
14639,324.0
14142,207.0
11304,381.0
5570,338.0
8080,230.0
15330,371.0
14709,356.0
9520,348.0
16848,260.0
17049,319.0
14165,284.0
15748,289.0
14814,145.0
2206,447.0
751,236.0
15923,334.0
13740,139.0
4432,330.0
17036,153.0
5736,371.0
19701,365.0
7273,236.0
19687,456.0
7135,301.0
10903,243.0
12558,343.0
5366,279.0
7866,279.0
6306,146.0
4108,283.0
7364,231.0
11353,286.0
8808,450.0
6516,263.0
1260,116.0
6343,385.0
19289,249.0
14595,279.0
6008,358.0
989,360.0
19201,324.0
340,278.0
7133,287.0
3831,141.0
2175,370.0
11455,250.0
13203,428.0
18734,273.0
9921,231.0
20451,368.0
4935,330.0
19930,209.0
18357,315.0
997,375.0
13401,226.0
10072,378.0
20033,167.0
3028,337.0
7161,390.0
5233,200.0
3432,259.0
14315,293.0
12825,302.0
175,400.0
19579,268.0
15840,191.0
1369,218.0
19764,479.0
13198,360.0
17336,330.0
16204,217.0
10328,386.0
15904,283.0
8278,270.0
20412,413.0
8496,272.0
20987,184.0
4221,335.0
13572,512.0
864,191.0
1149,267.0
14318,240.0
17338,290.0
5250,377.0
20339,254.0
3000,138.0
20223,300.0
5753,189.0
5899,270.0
15094,301.0
11609,375.0
16808,328.0
15684,235.0
20312,308.0
2700,303.0
1328,87.0
13994,379.0
16222,236.0
19268,351.0
7848,334.0
20751,273.0
890,244.0
3738,270.0
4741,294.0
19780,301.0
9383,116.0
20772,73.0
7350,225.0
16064,158.0
1317,502.0
19002,254.0
2581,170.0
15426,181.0
12947,205.0
15365,416.0
20670,291.0
17659,296.0
6133,447.0
8455,351.0
5693,342.0
3670,325.0
9426,31.0
3425,390.0
8959,340.0
11817,347.0
15478,348.0
9664,416.0
13520,267.0
5344,132.0
5595,145.0
8823,207.0
6942,251.0
365,328.0
13650,348.0
15734,279.0
5427,348.0
14556,427.0
9226,414.0
14324,301.0
13270,413.0
4833,203.0
11350,315.0
18135,229.0
11107,240.0
9245,410.0
2484,313.0
16371,365.0
8526,407.0
14569,387.0
5260,423.0
15878,410.0
13053,204.0
1139,271.0
12057,242.0
5930,283.0
20717,395.0
17544,452.0
2801,151.0
20206,360.0
20363,354.0
17802,187.0
16579,154.0
17114,245.0
11302,315.0
14947,377.0
4203,197.0
12770,241.0
13868,77.0
75,228.0
19048,139.0
15101,379.0
8452,243.0
10480,323.0
4917,446.0
20228,217.0
5728,381.0
19021,301.0
862,409.0
11446,393.0
7259,311.0
18940,445.0
19804,305.0
6962,449.0
10643,180.0
6897,467.0
14651,269.0
6171,284.0
11813,315.0
9732,397.0
1640,245.0
12087,425.0
19634,332.0
17476,411.0
20393,251.0
19045,182.0
16868,424.0
5055,258.0
8825,206.0
14753,228.0
18059,225.0
1707,123.0
12086,265.0
13456,132.0
3818,304.0
9497,420.0
2510,242.0
13130,177.0
12551,424.0
14869,355.0
18330,449.0
19933,290.0
6853,513.0
19152,282.0
7557,274.0
17225,324.0
10556,329.0
11778,214.0
14868,217.0
7670,356.0
8039,553.0
14634,287.0
8657,262.0
18393,325.0
13106,313.0
15158,266.0
11546,362.0
3445,386.0
16309,188.0
1285,270.0
11254,430.0
499,383.0
1412,349.0
15455,386.0
18611,319.0
14383,277.0
19397,136.0
7169,449.0
5521,428.0
1869,389.0
2155,418.0
11339,190.0
20359,178.0
14098,258.0
6095,341.0
3298,431.0
19052,303.0
8076,442.0
9349,198.0
14613,287.0
14647,341.0
1266,405.0
10922,412.0
5245,386.0
2703,187.0
15180,206.0
20521,229.0
8350,152.0
8291,411.0
7836,262.0
2031,159.0
1563,367.0
20968,382.0
10056,166.0
1536,386.0
19552,239.0
19016,342.0
2853,292.0
11230,363.0
11503,304.0
15266,209.0
17050,213.0
7312,413.0
1705,376.0
977,264.0
12938,340.0
11390,195.0
10085,442.0
2680,178.0
17253,274.0
12021,360.0
10192,396.0
17287,103.0
20888,267.0
4541,275.0
17470,192.0
3008,464.0
15890,202.0
12133,330.0
19378,312.0
3757,534.0
2408,223.0
9874,142.0
5323,339.0
6573,263.0
19783,466.0
5126,408.0
4985,278.0
8709,300.0
8337,176.0
20755,156.0
8848,335.0
9606,509.0
6925,118.0
18681,394.0
13737,453.0
896,280.0
445,231.0
1757,155.0
2511,435.0
4952,192.0
12496,283.0
12511,323.0
3238,332.0
18650,434.0
14836,328.0
6420,409.0
3036,331.0
6725,337.0
7644,346.0
9951,228.0
8102,296.0
11548,380.0
6664,246.0
18836,362.0
755,352.0
984,218.0
1132,147.0
17034,263.0
5381,453.0
9788,441.0
14948,213.0
20837,269.0
17051,432.0
1238,298.0
14029,256.0
17615,279.0
821,340.0
16236,263.0
11048,262.0
10260,132.0
9023,252.0
18497,294.0
5271,383.0
17803,418.0
1878,257.0
591,372.0
13079,197.0
14971,396.0
19498,150.0
1283,250.0
1642,293.0
12999,359.0
2694,280.0
1893,268.0
2424,397.0
17985,313.0
11334,275.0
17246,330.0
17548,469.0
2465,310.0
16556,286.0
580,264.0
8260,337.0
13560,317.0
5585,202.0
19648,351.0
1221,118.0
20756,260.0
5593,183.0
6530,380.0
14044,295.0
1479,284.0
6249,412.0
18342,292.0
3150,367.0
20234,235.0
19675,322.0
13381,381.0
19545,362.0
7782,238.0
11248,405.0
4408,121.0
9649,378.0
6842,440.0
988,187.0
14249,334.0
3805,320.0
3917,179.0
6590,390.0
14417,37.0
3984,426.0
2663,460.0
6021,268.0
14853,346.0
17245,439.0
14459,434.0
7512,187.0
4127,306.0
2995,236.0
14491,349.0
3859,300.0
15028,201.0
14603,353.0
13776,464.0
648,303.0
8397,198.0
12851,346.0
2593,177.0
4906,281.0
1100,249.0
773,259.0
10404,485.0
12371,521.0
1254,344.0
9042,147.0
15084,330.0
3484,296.0
4996,312.0
13985,198.0
9455,360.0
15656,196.0
9704,376.0
6771,435.0
16557,397.0
9914,402.0
15070,460.0
9637,316.0
3936,450.0
9408,125.0
17488,183.0
2509,286.0
19230,198.0
20093,295.0
2303,310.0
9135,360.0
15447,286.0
1195,218.0
11915,189.0
9274,141.0
8718,373.0
5546,310.0
210,234.0
19320,209.0
18741,215.0
19961,392.0
2459,420.0
13033,270.0
8822,238.0
12135,320.0
6371,236.0
6349,457.0
17609,337.0
9718,215.0
6407,211.0
16319,393.0
10780,323.0
4246,182.0
11910,116.0
10705,228.0
8663,153.0
5757,36.0
4357,418.0
886,329.0
4345,148.0
12785,98.0
10814,475.0
155,161.0
6076,376.0
7750,452.0
20652,452.0
4116,351.0
13691,320.0
9666,216.0
7960,311.0
14266,82.0
11957,395.0
3207,270.0
19177,129.0
1975,452.0
14749,400.0
3640,252.0
7029,458.0
4267,382.0
15928,296.0
17953,282.0
3076,207.0
2739,213.0
17805,325.0
13434,218.0
8907,440.0
2120,503.0
18269,234.0
19776,358.0
13940,337.0
11333,384.0
11920,284.0
15356,467.0
14878,67.0
18718,373.0
3814,333.0
906,151.0
16926,475.0
20149,371.0
14609,194.0
15813,460.0
10520,324.0
17221,193.0
2020,371.0
2714,440.0
14220,362.0
18974,392.0
13136,430.0
20308,228.0
511,218.0
6232,206.0
1180,193.0
523,337.0
11597,333.0
4309,301.0
11362,200.0
6751,300.0
17274,350.0
10926,428.0
13176,301.0
8426,357.0
3980,327.0
68,257.0
12992,297.0
3595,202.0
15970,346.0
6132,274.0
6492,305.0
6069,306.0
5463,302.0
17047,535.0
5526,294.0
16435,464.0
14526,497.0
3478,543.0
14024,244.0
5083,377.0
20618,233.0
6364,252.0
479,160.0
2268,273.0
7484,218.0
17787,377.0
3740,326.0
10657,280.0
9028,166.0
14201,386.0
20905,149.0
20742,159.0
17186,214.0
5516,268.0
15600,344.0
19917,438.0
14934,269.0
15549,107.0
15413,290.0
16643,244.0
16215,279.0
10630,339.0
9848,341.0
4850,248.0
9552,531.0
15969,322.0
13599,241.0
2976,333.0
15138,406.0
13466,567.0
11977,155.0
616,184.0
11845,314.0
8210,298.0
20032,58.0
4021,243.0
10914,266.0
6737,413.0
11836,120.0
20771,265.0
10677,288.0
15883,265.0
395,340.0
9940,306.0
10575,393.0
16849,282.0
8193,341.0
15500,349.0
7356,85.0
20869,385.0
19398,324.0
8836,434.0
14461,443.0
7227,331.0
14590,290.0
1298,359.0
6990,283.0
7824,405.0
2540,188.0
11490,447.0
14564,364.0
813,453.0
19684,167.0
18466,237.0
15710,232.0
14850,416.0
284,230.0
11795,189.0
3091,300.0
12710,310.0
4341,237.0
6034,260.0
2316,83.0
12508,508.0
3087,241.0
18830,253.0
16830,472.0
15961,249.0
2486,342.0
7902,284.0
8545,217.0
3283,390.0
20591,270.0
9439,316.0
6726,472.0
13671,346.0
9119,358.0
4040,576.0
18621,286.0
10176,150.0
10255,450.0
6477,195.0
3833,129.0
579,397.0
13970,183.0
11092,277.0
5480,227.0
323,456.0
6128,104.0
13836,380.0
12043,279.0
5423,307.0
6091,401.0
14880,325.0
11177,548.0
275,275.0
7225,368.0
18048,286.0
11326,529.0
1466,145.0
17687,256.0
10125,283.0
14893,273.0
305,283.0
4392,261.0
7569,170.0
9510,279.0
8535,331.0
16718,177.0
7012,249.0
11684,167.0
16632,300.0
2683,377.0
639,152.0
19001,236.0
12226,399.0
18293,299.0
15389,160.0
16498,291.0
3393,241.0
5390,408.0
16796,359.0
20917,277.0
17239,343.0
20548,250.0
17317,286.0
6762,272.0
12203,492.0
8589,447.0
17192,375.0
12821,363.0
15778,479.0
6943,273.0
16208,257.0
12221,315.0
709,404.0
7149,223.0
9232,292.0
11136,318.0
8365,281.0
10961,327.0
9508,149.0
17754,412.0
17500,284.0
15064,349.0
4182,232.0
19060,363.0
2384,348.0
14346,291.0
14299,475.0
4269,377.0
9638,442.0
16427,403.0
1993,296.0
13279,327.0
14741,315.0
11847,266.0
19402,376.0
8898,397.0
11875,183.0
1093,319.0
1179,284.0
1055,453.0
16858,204.0
18946,320.0
10744,142.0
4619,351.0
4220,184.0
14661,324.0
14425,285.0
4740,190.0
5032,342.0
3430,252.0
494,316.0
19596,375.0
17396,297.0
4617,210.0
381,299.0
20926,230.0
13787,300.0
1980,263.0
13281,440.0
13819,160.0
8387,296.0
12289,90.0
18246,124.0
6557,314.0
7740,161.0
9617,198.0
12619,412.0
20715,168.0
5523,429.0
7525,236.0
7738,515.0
1341,289.0
18779,321.0
5651,245.0
10601,568.0
16671,292.0
15126,349.0
1936,382.0
9460,370.0
1817,233.0
7975,294.0
20922,377.0
1809,334.0
589,259.0
18326,412.0
932,316.0
19896,273.0
8543,311.0
5417,156.0
19766,504.0
6677,382.0
6768,392.0
16405,335.0
7796,394.0
15067,362.0
17610,199.0
4065,318.0
15308,355.0
13771,274.0
1722,457.0
54,272.0
14214,301.0
15811,281.0
5168,278.0
6157,211.0
10446,149.0
11410,263.0
5842,299.0
14666,352.0
8289,485.0
8168,267.0
10766,306.0
1249,375.0
9764,294.0
20637,315.0
4742,262.0
8082,253.0
7939,351.0
3426,279.0
17895,329.0
9905,371.0
14829,365.0
9010,426.0
7320,296.0
6300,345.0
15142,196.0
14835,357.0
3227,280.0
11456,263.0
14801,409.0
15050,269.0
16791,492.0
13809,220.0
8430,381.0
2985,495.0
1694,414.0
8152,374.0
20894,234.0
1297,265.0
18587,366.0
6291,331.0
5392,266.0
16146,373.0
6633,424.0
9737,190.0
2359,304.0
9436,364.0
14976,181.0
12490,310.0
17959,257.0
20594,221.0
268,274.0
18046,201.0
4255,265.0
10561,327.0
13253,213.0
20362,140.0
6582,251.0
19171,377.0
7148,344.0
12989,265.0
13781,262.0
6759,245.0
15502,463.0
13591,101.0
952,478.0
13475,368.0
18268,241.0
2478,344.0
17447,311.0
4085,334.0
13259,328.0
20544,272.0
4819,161.0
12497,333.0
15116,438.0
9877,300.0
2909,273.0
1045,218.0
6210,318.0
15915,470.0
18156,303.0
8925,288.0
7048,308.0
1427,293.0
4757,307.0
19937,243.0
6324,240.0
51,350.0
4301,417.0
20414,186.0
12191,195.0
15258,352.0
12023,326.0
8872,333.0
6373,196.0
14209,409.0
15946,375.0
11899,370.0
13538,291.0
3795,214.0
6156,302.0
18711,414.0
9212,424.0
8203,370.0
2044,88.0
887,398.0
6082,425.0
3343,304.0
18474,202.0
13318,406.0
9491,226.0
20327,390.0
10873,272.0
20004,184.0
5467,404.0
10294,297.0
2733,231.0
17264,285.0
4356,139.0
10751,297.0
10011,160.0
7184,292.0
10143,213.0
6208,408.0
15827,341.0
3893,324.0
19677,439.0
4167,212.0
19346,256.0
13421,328.0
7825,390.0
12268,343.0
12472,267.0
11867,216.0
6678,267.0
7058,198.0
20079,301.0
11611,271.0
5034,364.0
504,254.0
1419,353.0
11656,341.0
2665,180.0
2888,332.0
6109,298.0
15082,239.0
7103,182.0
12803,164.0
20814,173.0
8787,188.0
7144,359.0
4796,168.0
9543,366.0
10565,132.0
981,456.0
2916,401.0
3070,362.0
5108,160.0
16126,255.0
16279,324.0
6562,282.0
13962,285.0
3226,349.0
543,166.0
12334,210.0
5226,237.0
11361,219.0
1626,339.0
14082,282.0
94,219.0
4342,285.0
10593,504.0
13468,420.0
16190,292.0
11677,237.0
8112,110.0
16814,286.0
1109,273.0
8760,164.0
18201,380.0
11055,382.0
8624,231.0
5610,331.0
15108,105.0
18397,341.0
19489,333.0
5706,441.0
8598,318.0
13127,224.0
2606,364.0
5818,419.0
2743,276.0
3886,185.0
20108,112.0
3970,345.0
6998,209.0
6749,379.0
8400,312.0
6211,341.0
5649,110.0
17028,47.0
12949,206.0
741,385.0
4200,240.0
6795,398.0
4901,252.0
2050,140.0
4245,398.0
9323,414.0
9029,226.0
7102,339.0
5400,368.0
6783,421.0
14234,349.0
9390,338.0
4010,62.0
14329,187.0
13140,372.0
15669,450.0
7069,323.0
15398,411.0
16341,401.0
8341,434.0
13100,393.0
18712,93.0
14531,432.0
13058,266.0
10077,213.0
12184,296.0
13958,243.0
20027,268.0
1604,475.0
4175,261.0
8710,252.0
4027,356.0
8717,399.0
19815,163.0
4394,127.0
15831,278.0
8931,204.0
7680,344.0
19441,224.0
12515,436.0
2106,282.0
7360,180.0
17906,171.0
1128,378.0
7254,416.0
7440,288.0
20053,161.0
11649,353.0
3458,245.0
17487,279.0
430,274.0
16261,216.0
15045,301.0
15917,359.0
16891,412.0
10345,339.0
13211,376.0
13679,194.0
9754,358.0
19393,391.0
9169,317.0
6048,439.0
14208,288.0
18245,234.0
62,307.0
8512,84.0
12896,228.0
16874,359.0
6231,483.0
16998,325.0
9045,343.0
1794,448.0
3100,294.0
19617,224.0
13026,318.0
2101,285.0
16930,277.0
15387,92.0
1547,339.0
18133,165.0
17402,353.0
1562,139.0
11997,333.0
8723,304.0
3780,407.0
15162,120.0
8304,250.0
13963,170.0
10068,242.0
8157,159.0
14605,444.0
6752,183.0
17556,221.0
5268,286.0
15753,235.0
539,473.0
3507,238.0
16595,312.0
18489,221.0
7240,214.0
12818,276.0
8946,515.0
2526,290.0
8958,167.0
4512,345.0
823,325.0
16538,327.0
8650,305.0
13072,405.0
7347,308.0
7233,484.0
20222,321.0
19417,342.0
3067,295.0
8308,430.0
14472,469.0
3488,252.0
7940,265.0
17886,429.0
19444,298.0
9443,214.0
13601,182.0
12329,130.0
5910,386.0
3331,228.0
4404,446.0
4260,328.0
13897,233.0
11965,406.0
11499,244.0
10700,292.0
16308,307.0
14800,69.0
12303,256.0
6366,242.0
3778,177.0
14799,197.0
18671,452.0
1844,165.0
7898,260.0
121,366.0
7311,236.0
11663,453.0
9481,248.0
2637,379.0
9086,320.0
14309,331.0
12910,337.0
20104,186.0
1332,462.0
20858,340.0
7007,286.0
18857,439.0
13447,295.0
4826,291.0
11803,286.0
14901,219.0
8191,351.0
14009,355.0
17871,377.0
7147,284.0
18956,186.0
7049,247.0
14381,147.0
12053,287.0
4007,315.0
11226,166.0
13441,364.0
5452,427.0
17242,115.0
17530,242.0
19975,271.0
1486,315.0
14202,281.0
7447,346.0
13810,383.0
17552,423.0
2519,214.0
15275,350.0
14808,265.0
8566,211.0
4691,263.0
8788,224.0
15541,351.0
3772,391.0
5151,368.0
12076,256.0
12595,265.0
2798,301.0
11983,346.0
19411,385.0
9598,427.0
7456,273.0
1428,234.0
1710,227.0
3364,332.0
16082,305.0
13710,320.0
12225,375.0
1811,359.0
11561,259.0
11197,413.0
1616,290.0
856,149.0
926,152.0
7942,219.0
1944,217.0
5916,60.0
17201,207.0
15983,364.0
9994,426.0
2928,332.0
17427,285.0
16860,341.0
18406,411.0
17919,475.0
5202,376.0
20397,276.0
9625,249.0
10171,262.0
15615,206.0
567,221.0
150,235.0
10477,355.0
17148,324.0
9299,193.0
15397,334.0
15536,248.0
13742,512.0
11019,190.0
7132,285.0
16834,454.0
16022,313.0
18007,394.0
19844,388.0
4874,222.0
6179,71.0
3135,306.0
519,314.0
18140,240.0
5927,370.0
20026,337.0
19080,279.0
6706,208.0
3546,363.0
9826,323.0
14883,299.0
18079,304.0
13321,303.0
3312,331.0
4947,315.0
14034,343.0
9283,328.0
5510,528.0
10108,196.0
12324,305.0
10393,434.0
11773,220.0
12016,440.0
12328,376.0
20232,386.0
4950,490.0
4133,311.0
7797,232.0
7585,327.0
18562,298.0
3876,79.0
17588,352.0
4773,163.0
1976,174.0
13972,324.0
17918,211.0
3264,286.0
3635,392.0
17865,285.0
7952,238.0
16923,257.0
13716,225.0
3489,113.0
6257,358.0
18064,316.0
1480,205.0
11651,341.0
232,339.0
19873,235.0
12928,169.0
5229,250.0
6120,433.0
20385,119.0
6332,359.0
17373,312.0
3977,162.0
3607,236.0
16409,323.0
13061,434.0
19825,429.0
514,641.0
11345,349.0
12443,178.0
13804,185.0
758,334.0
252,255.0
3121,412.0
12277,303.0
1306,214.0
7535,435.0
20450,79.0
6216,253.0
13870,363.0
6334,123.0
6646,196.0
1365,425.0
2068,281.0
19990,333.0
18809,242.0
6722,157.0
6604,312.0
20644,304.0
2794,254.0
20768,307.0
7633,305.0
19901,298.0
17779,303.0
4137,309.0
14411,246.0
6013,305.0
18593,419.0
1762,-49.0
9049,421.0
1927,274.0
20975,364.0
9343,329.0
2573,226.0
17605,256.0
12571,29.0
15503,398.0
8253,532.0
19945,443.0
10913,283.0
8882,442.0
4737,378.0
6848,268.0
10902,292.0
5938,433.0
4439,219.0
6745,333.0
18816,154.0
14438,303.0
850,336.0
11065,230.0
107,322.0
18209,240.0
3245,226.0
9790,412.0
3125,179.0
16992,311.0
11580,193.0
20965,238.0
14212,404.0
1672,279.0
11322,444.0
13947,521.0
20249,297.0
15737,225.0
8919,158.0
9486,316.0
7802,204.0
19536,392.0
18502,291.0
6776,92.0
15556,349.0
18190,184.0
18259,328.0
3468,271.0
423,375.0
3965,293.0
11466,119.0
11526,247.0
3945,173.0
10527,210.0
15818,331.0
13951,224.0
10140,230.0
17091,123.0
11953,284.0
20034,272.0
13581,277.0
5514,290.0
2262,366.0
4658,316.0
3932,279.0
17520,487.0
17996,204.0
15511,250.0
16449,377.0
6763,192.0
3158,312.0
619,199.0
1118,423.0
4594,152.0
20732,197.0
2742,355.0
7974,378.0
1030,425.0
1594,328.0
5411,209.0
2713,198.0
20951,304.0
8645,276.0
16006,489.0
16887,462.0
13345,287.0
17158,231.0
18821,406.0
13507,333.0
10889,138.0
19653,386.0
8981,278.0
13300,173.0
19056,149.0
5760,390.0
8993,372.0
7482,261.0
8413,270.0
2378,204.0
6772,381.0
6101,319.0
14553,184.0
1230,353.0
20395,179.0
4693,352.0
9603,250.0
11811,257.0
11707,349.0
4061,311.0
20564,265.0
6765,183.0
17407,482.0
19187,290.0
11704,375.0
19420,182.0
390,427.0
7406,272.0
1517,216.0
20635,368.0
5384,230.0
20944,222.0
20497,396.0
18878,445.0
14622,334.0
8428,218.0
4067,123.0
557,395.0
14393,252.0
6696,285.0
13057,223.0
11025,189.0
5805,140.0
12244,208.0
18938,169.0
14724,201.0
14851,392.0
12767,318.0
13002,287.0
1972,389.0
3250,300.0
14358,355.0
9423,252.0
12461,323.0
14927,246.0
16710,315.0
19935,308.0
8166,480.0
19616,280.0
4539,283.0
1441,216.0
8399,478.0
4669,355.0
15081,196.0
1084,263.0
18297,489.0
5210,304.0
9864,254.0
13543,290.0
5420,163.0
8751,263.0
17088,523.0
516,521.0
19880,371.0
12867,267.0
4119,331.0
1890,400.0
16282,225.0
9350,400.0
9684,155.0
8026,397.0
20688,311.0
14115,172.0
17889,360.0
19605,444.0
2873,177.0
10756,272.0
16426,393.0
907,436.0
4144,395.0
3659,238.0
2428,261.0
16977,124.0
7006,246.0
19366,355.0
6114,354.0
17685,286.0
11628,426.0
16334,416.0
3415,217.0
19874,215.0
20264,326.0
5633,294.0
8273,298.0
17698,201.0
8753,343.0
13096,89.0
20745,385.0
7081,446.0
13276,354.0
3042,487.0
8198,298.0
1142,58.0
7831,307.0
13255,390.0
15613,290.0
16692,324.0
9610,378.0
11129,469.0
16661,213.0
16056,249.0
1004,272.0
4832,297.0
2283,325.0
689,165.0
7849,431.0
15254,119.0
16739,435.0
2885,80.0
15175,228.0
18628,404.0
4224,458.0
5088,227.0
5881,361.0
5035,451.0
20553,387.0
7329,216.0
20546,208.0
15107,448.0
5788,240.0
16089,481.0
5214,188.0
16624,191.0
11204,189.0
12583,379.0
6760,241.0
1725,354.0
14693,150.0
13790,68.0
8352,332.0
8594,229.0
19379,367.0
2287,212.0
2409,201.0
19631,358.0
1042,317.0
8776,338.0
16726,184.0
1614,334.0
14088,333.0
13596,283.0
10018,172.0
1370,128.0
19151,203.0
7648,152.0
10435,227.0
18222,109.0
11543,148.0
2449,254.0
733,387.0
20441,249.0
7989,334.0
14335,118.0
15461,141.0
1560,99.0
7517,437.0
11610,383.0
7837,150.0
20246,301.0
7779,70.0
7109,320.0
9629,373.0
7286,220.0
12653,304.0
15328,435.0
7935,290.0
5772,412.0
2015,213.0
19538,344.0
5847,408.0
20100,204.0
18247,311.0
8716,343.0
441,369.0
3746,310.0
687,422.0
6616,418.0
2242,262.0
7596,441.0
4852,193.0
4106,188.0
2434,441.0
5387,416.0
18952,110.0
20740,403.0
6186,283.0
13387,454.0
3035,420.0
166,252.0
7492,287.0
1472,313.0
7770,115.0
14675,286.0
12199,375.0
15425,262.0
6408,271.0
8021,268.0
13654,539.0
19516,370.0
18732,151.0
14366,307.0
2707,223.0
1939,526.0
18760,263.0
9288,470.0
10202,431.0
4634,419.0
6724,397.0
6337,505.0
6308,262.0
7711,413.0
16611,445.0
529,419.0
7150,577.0
10797,402.0
1065,238.0
7991,287.0
2054,521.0
17784,385.0
7623,408.0
2566,472.0
11052,141.0
18278,375.0
6637,290.0
15548,422.0
7023,365.0
2261,365.0
6491,205.0
6716,187.0
19386,489.0
11530,392.0
3885,238.0
20296,245.0
18743,281.0
17184,411.0
5217,242.0
2130,196.0
19700,180.0
6704,448.0
4791,400.0
10594,258.0
6697,479.0
23,270.0
17381,292.0
8731,419.0
14926,237.0
13687,293.0
6597,273.0
7247,356.0
9815,278.0
5562,206.0
18225,354.0
2506,422.0
16348,-3.0
16550,310.0
10669,321.0
9850,241.0
7055,314.0
13178,220.0
2718,308.0
16599,163.0
15800,464.0
7900,290.0
16758,282.0
16059,369.0
15231,255.0
5667,278.0
1835,324.0
8019,162.0
7127,224.0
7599,367.0
256,324.0
16987,190.0
3617,176.0
6837,471.0
193,279.0
10591,324.0
8755,411.0
2209,332.0
12128,242.0
5375,178.0
15529,302.0
1079,410.0
8974,190.0
2338,521.0
15333,266.0
10606,303.0
2011,513.0
19998,298.0
16170,240.0
16971,346.0
5871,324.0
9517,207.0
2881,278.0
17747,176.0
12409,248.0
8305,260.0
4696,52.0
6986,269.0
3883,449.0
17241,317.0
12311,317.0
8520,341.0
82,307.0
12796,352.0
19033,260.0
1612,123.0
4132,193.0
5498,225.0
14566,145.0
11674,272.0
16314,351.0
20945,176.0
18904,297.0
18043,291.0
13637,408.0
13234,259.0
7101,96.0
4716,352.0
2145,48.0
15849,331.0
16889,263.0
13642,330.0
15542,517.0
5003,44.0
11222,332.0
15280,303.0
9047,34.0
13768,362.0
16773,349.0
20337,424.0
12180,351.0
9744,248.0
1701,134.0
2093,287.0
6743,491.0
13118,331.0
8859,401.0
3722,259.0
14175,217.0
4513,243.0
7031,369.0
2799,440.0
18847,407.0
18153,335.0
8463,288.0
12458,422.0
17516,254.0
20277,202.0
945,279.0
16741,355.0
8944,320.0
4129,249.0
14229,372.0
9949,263.0
4759,228.0
17579,230.0
6295,456.0
14230,401.0
17075,321.0
4334,289.0
15583,310.0
18521,296.0
11903,364.0
4232,293.0
19973,88.0
19199,483.0
16820,373.0
6327,524.0
9285,401.0
11846,341.0
7487,409.0
278,282.0
20695,202.0
1863,175.0
19806,461.0
7421,197.0
10695,292.0
594,380.0
8923,164.0
12620,299.0
2897,274.0
7899,213.0
6981,377.0
7706,305.0
20168,132.0
11029,462.0
2045,311.0
12115,341.0
19143,224.0
5715,118.0
18834,448.0
1099,362.0
10842,163.0
18811,98.0
12245,363.0
16488,442.0
17077,418.0
12605,388.0
14444,311.0
14627,155.0
14773,229.0
2749,228.0
5551,356.0
840,289.0
9334,383.0
13887,280.0
12044,233.0
3530,339.0
2965,111.0
2255,301.0
17300,355.0
20710,209.0
15136,291.0
12658,349.0
16365,244.0
18476,295.0
10414,203.0
15744,501.0
18271,239.0
15208,357.0
13789,175.0
12683,431.0
15739,323.0
13484,422.0
11240,195.0
13850,337.0
17734,313.0
7164,314.0
20029,295.0
3534,424.0
16448,196.0
15260,368.0
5187,377.0
9692,442.0
18875,311.0
13621,371.0
15740,121.0
12741,404.0
2858,344.0
5493,334.0
5335,200.0
18714,343.0
17627,254.0
2076,497.0
17534,199.0
2972,258.0
19535,394.0
3911,296.0
17769,231.0
18467,203.0
8202,415.0
15512,221.0
12569,279.0
12269,310.0
12960,319.0
15390,357.0
615,388.0
9866,237.0
812,365.0
17887,383.0
4787,301.0
18428,400.0
20835,348.0
8845,254.0
16008,335.0
18034,286.0
19015,378.0
19943,198.0
18964,350.0
20953,369.0
15434,264.0
17502,211.0
397,289.0
8994,103.0
12682,378.0
17583,219.0
19071,465.0
3021,413.0
7845,212.0
6712,329.0
8685,334.0
11834,237.0
3422,396.0
6369,230.0
20641,237.0
13471,358.0
2669,247.0
1405,438.0
4837,256.0
14857,204.0
18480,430.0
15132,375.0
18255,362.0
9672,446.0
12679,412.0
8224,275.0
5954,339.0
9722,417.0
18029,260.0
4012,325.0
1404,311.0
15885,232.0
16044,349.0
8911,245.0
14899,387.0
3374,381.0
1160,325.0
6686,482.0
7505,204.0
13177,194.0
17105,199.0
9847,292.0
1851,188.0
16839,435.0
19741,375.0
20776,360.0
14537,164.0
20959,262.0
19459,138.0
224,433.0
19040,340.0
1235,295.0
19753,392.0
18017,507.0
16510,158.0
6143,367.0
20267,390.0
213,291.0
6180,285.0
14385,383.0
752,328.0
7177,358.0
18009,337.0
8437,275.0
16193,230.0
10553,305.0
18118,288.0
8623,322.0
1436,470.0
3255,275.0
19954,362.0
7145,272.0
17883,216.0
2941,313.0
2861,364.0
18633,242.0
17260,376.0
17692,168.0
8440,175.0
7918,277.0
20608,293.0
19674,221.0
15578,197.0
11473,311.0
17195,173.0
3261,199.0
4848,220.0
7555,191.0
4801,64.0
17934,282.0
13558,241.0
4855,406.0
15852,262.0
8353,430.0
13834,424.0
18187,192.0
1992,152.0
4862,223.0
20946,417.0
653,328.0
6820,274.0
19005,217.0
4105,222.0
19773,243.0
2651,262.0
19384,97.0
16910,173.0
4118,365.0
3341,180.0
4160,394.0
1435,397.0
16918,360.0
1830,206.0
5364,221.0
5293,264.0
11457,285.0
1054,267.0
2046,295.0
8869,438.0
1214,230.0
17827,435.0
3782,147.0
13503,365.0
4527,172.0
1019,264.0
20704,407.0
296,325.0
2508,250.0
14087,180.0
464,132.0
4173,268.0
11280,219.0
9378,339.0
14172,365.0
11645,261.0
740,388.0
12317,247.0
16185,286.0
1489,275.0
20996,201.0
18346,148.0
353,291.0
5982,341.0
13966,263.0
18563,326.0
9913,335.0
10872,330.0
15331,421.0
14313,229.0
14295,402.0
12952,386.0
3039,348.0
15034,467.0
2197,274.0
12251,133.0
9658,350.0
15499,124.0
11896,147.0
5023,284.0
16196,277.0
14663,227.0
457,462.0
19875,223.0
8395,356.0
20924,283.0
14243,335.0
19275,170.0
10943,259.0
809,136.0
11535,292.0
5550,323.0
18655,208.0
20205,379.0
7612,314.0
20442,211.0
7910,376.0
16181,299.0
9868,356.0
15335,428.0
7019,283.0
1531,325.0
4699,265.0
17311,165.0
7017,336.0
16276,585.0
8471,288.0
17122,273.0
7830,316.0
3337,223.0
2946,258.0
14334,266.0
14053,448.0
9359,111.0
17090,481.0
1956,426.0
12200,273.0
10474,310.0
3467,380.0
18639,418.0
8986,26.0
16351,390.0
7450,327.0
12976,174.0
20506,274.0
6472,251.0
2474,301.0
14008,190.0
837,308.0
16879,531.0
7621,251.0
19690,366.0
7629,209.0
11993,181.0
15020,362.0
13496,355.0
20628,360.0
15286,283.0
5950,327.0
17521,284.0
3126,318.0
13299,284.0
20779,177.0
17830,38.0
1670,302.0
3132,295.0
6283,179.0
2835,436.0
12652,335.0
10461,334.0
3221,427.0
832,234.0
9074,178.0
15432,292.0
7077,246.0
3786,296.0
2400,465.0
17448,266.0
16476,319.0
20595,201.0
7840,321.0
14939,399.0
15786,143.0
4515,279.0
148,364.0
6651,410.0
10182,332.0
17707,318.0
6782,195.0
3636,185.0
8217,397.0
18600,219.0
12428,494.0
18936,428.0
14826,375.0
1549,459.0
7288,298.0
17138,399.0
3156,349.0
19709,378.0
5310,154.0
5143,365.0
6617,372.0
5216,229.0
9103,204.0
19076,268.0
15750,200.0
15103,533.0
10249,333.0
9691,438.0
17290,235.0
10004,477.0
10980,415.0
10218,166.0
7500,310.0
18130,327.0
6811,463.0
20095,296.0
1323,258.0
7477,253.0
5208,435.0
15302,246.0
5743,184.0
15435,141.0
10487,233.0
10307,154.0
17804,303.0
10806,200.0
11168,197.0
11356,382.0
9429,345.0
18715,340.0
20012,229.0
3930,605.0
11808,391.0
15268,224.0
2096,218.0
16951,266.0
5821,287.0
18585,315.0
20749,121.0
9458,334.0
2374,493.0
6347,398.0
9518,339.0
9851,185.0
12126,225.0
3622,254.0
13294,328.0
6451,399.0
17851,296.0
8929,316.0
16823,370.0
9025,187.0
17814,13.0
10221,495.0
13235,308.0
20307,175.0
526,363.0
18381,283.0
19496,276.0
17069,343.0
20774,251.0
3059,182.0
11444,372.0
1834,285.0
7843,312.0
5863,298.0
13333,370.0
2466,303.0
4180,420.0
12350,196.0
14363,334.0
13613,351.0
13195,362.0
764,336.0
9234,433.0
19981,344.0
6315,307.0
8866,268.0
9641,345.0
3660,252.0
5262,299.0
20200,225.0
4032,262.0
20466,218.0
20667,343.0
4663,220.0
14547,467.0
8190,339.0
957,414.0
9806,128.0
7933,210.0
18675,420.0
15755,218.0
16924,331.0
5586,378.0
2865,303.0
19985,525.0
17944,266.0
11678,311.0
17446,395.0
18344,239.0
8028,379.0
18682,277.0
6657,442.0
20868,299.0
5090,252.0
18713,285.0
12611,242.0
8967,372.0
8345,231.0
11264,441.0
6484,368.0
12217,266.0
6290,186.0
2137,316.0
2457,441.0
12933,369.0
9633,336.0
11001,308.0
20937,38.0
10131,418.0
3610,548.0
1068,274.0
15577,310.0
10775,229.0
8118,387.0
18161,411.0
18053,186.0
20101,260.0
8460,393.0
8204,411.0
18273,306.0
11532,265.0
12868,238.0
14452,70.0
3824,353.0
4978,376.0
8406,132.0
18023,233.0
874,326.0
20131,277.0
13923,199.0
15230,234.0
2711,210.0
8820,370.0
2524,460.0
12577,439.0
6002,244.0
13359,304.0
12674,189.0
6514,297.0
3958,343.0
7870,224.0
2761,192.0
5039,489.0
14362,260.0
3761,237.0
16403,357.0
17973,278.0
3657,324.0
10367,392.0
16401,359.0
19213,311.0
17210,230.0
19523,275.0
19949,381.0
7079,317.0
8508,358.0
492,303.0
2699,333.0
2756,425.0
5697,366.0
10215,425.0
9262,223.0
17545,326.0
4995,250.0
17773,313.0
7167,480.0
7332,410.0
2075,377.0
20696,220.0
7739,205.0
15161,235.0
15647,295.0
8771,326.0
8581,336.0
8741,280.0
11149,202.0
18310,279.0
13397,380.0
12973,197.0
17674,272.0
9114,431.0
8603,191.0
10831,342.0
4526,355.0
11278,243.0
19544,241.0
8759,253.0
16422,219.0
7042,156.0
17371,222.0
8973,284.0
4380,407.0
16139,415.0
11726,310.0
9556,156.0
4358,171.0
13909,352.0
14237,382.0
13031,374.0
10683,312.0
10050,237.0
10668,205.0
7594,244.0
13861,394.0
14317,274.0
7248,247.0
15920,380.0
5009,444.0
20132,301.0
15641,269.0
20038,364.0
19638,421.0
18906,354.0
12714,296.0
11035,423.0
20496,232.0
19621,400.0
12631,335.0
10374,334.0
6406,307.0
9089,282.0
4114,223.0
6815,12.0
13462,230.0
1001,312.0
7384,485.0
6161,323.0
11135,467.0
10357,252.0
9869,369.0
7543,448.0
4381,280.0
12872,316.0
19047,424.0
16357,334.0
1554,455.0
8090,401.0
7398,387.0
5112,292.0
1525,328.0
7213,301.0
16501,312.0
18111,311.0
12227,202.0
9391,387.0
19877,411.0
9876,394.0
20817,392.0
15716,351.0
19437,330.0
17684,296.0
13309,365.0
15519,294.0
20357,147.0
10694,293.0
14394,286.0
7381,89.0
18919,372.0
7695,282.0
19819,246.0
11021,441.0
18078,202.0
104,356.0
2860,376.0
5588,240.0
12995,283.0
1295,229.0
9683,388.0
20276,256.0
10869,209.0
4122,471.0
11708,140.0
15115,304.0
9939,348.0
4149,486.0
3120,374.0
18572,282.0
7992,173.0
8668,281.0
7152,199.0
6241,359.0
8143,385.0
15128,226.0
17111,264.0
321,143.0
8342,204.0
6316,385.0
11737,368.0
13392,280.0
11861,221.0
7996,355.0
1892,267.0
2002,294.0
6329,307.0
4409,240.0
13602,277.0
5835,248.0
18701,269.0
11978,218.0
12439,58.0
3570,513.0
990,307.0
8971,291.0
18030,225.0
20611,177.0
14961,264.0
9140,257.0
19214,359.0
19683,212.0
18581,197.0
12638,341.0
19828,383.0
2,218.0
18482,317.0
2879,107.0
17334,528.0
6517,416.0
1090,476.0
19044,412.0
3539,393.0
317,282.0
1078,448.0
10948,365.0
2913,413.0
15664,346.0
5921,-15.0
19779,283.0
12406,84.0
3839,403.0
2890,219.0
15650,216.0
10686,199.0
20263,653.0
10251,110.0
2912,206.0
7387,496.0
6950,421.0
17541,281.0
16935,275.0
3576,511.0
18610,282.0
319,417.0
12266,258.0
10241,392.0
6988,359.0
10418,267.0
17738,248.0
20297,332.0
11865,239.0
7016,336.0
17998,300.0
11556,270.0
12129,391.0
17465,218.0
3727,210.0
7111,299.0
2189,344.0
1074,235.0
16151,256.0
12187,496.0
19904,355.0
6045,163.0
2327,249.0
5801,325.0
17369,291.0
4879,328.0
13429,253.0
11512,371.0
5839,155.0
10974,216.0
12864,133.0
15344,251.0
19860,204.0
9820,323.0
5557,271.0
16078,315.0
9459,209.0
8840,280.0
1217,244.0
11069,47.0
17928,427.0
16650,111.0
8326,405.0
20255,348.0
17964,256.0
20563,221.0
20891,220.0
12139,44.0
11966,311.0
10516,67.0
8991,370.0
20920,337.0
14690,292.0
5684,314.0
9457,172.0
4570,160.0
15152,425.0
5560,367.0
16490,281.0
3060,359.0
2402,293.0
153,267.0
8161,265.0
18477,237.0
962,342.0
3284,400.0
10834,487.0
11760,279.0
3310,332.0
16257,349.0
18744,332.0
17354,312.0
14996,232.0
9067,412.0
16907,334.0
2641,319.0
2992,378.0
3220,598.0
19664,397.0
3783,416.0
19743,265.0
3293,479.0
2715,372.0
14464,130.0
6888,194.0
7697,215.0
2256,419.0
6213,252.0
7138,452.0
8770,359.0
9024,102.0
18783,310.0
14167,59.0
4034,394.0
7785,486.0
4369,491.0
13040,234.0
19156,231.0
2429,323.0
13632,287.0
7961,375.0
6489,419.0
20576,223.0
14822,263.0
13224,226.0
12854,366.0
11327,196.0
8612,336.0
15008,408.0
12885,241.0
9730,260.0
8778,229.0
11459,224.0
3981,165.0
11012,373.0
8524,403.0
12421,306.0
16432,277.0
18461,276.0
5140,591.0
13556,157.0
15554,323.0
17761,415.0
6242,481.0
1664,277.0
14521,324.0
15528,301.0
10891,257.0
14185,391.0
1357,159.0
6769,426.0
3038,558.0
16015,362.0
4166,262.0
2357,426.0
10091,379.0
3525,216.0
3515,305.0
4130,244.0
3637,72.0
5547,137.0
17011,440.0
17602,368.0
5965,329.0
11376,380.0
10080,416.0
11163,247.0
4359,276.0
12027,250.0
15229,322.0
3547,239.0
1905,198.0
9101,369.0
10511,199.0
2334,213.0
17265,303.0
15535,139.0
20903,272.0
14303,222.0
16965,193.0
10566,269.0
13643,472.0
17543,671.0
2661,423.0
11196,269.0
9694,401.0
518,186.0
2717,229.0
1187,198.0
14542,415.0
13124,342.0
18333,269.0
16487,276.0
16792,366.0
15609,237.0
9386,252.0
2191,420.0
7104,426.0
10959,329.0
18305,217.0
9351,409.0
1859,271.0
7411,280.0
9856,219.0
7873,359.0
18967,388.0
12748,287.0
15382,348.0
18321,271.0
6169,197.0
15121,322.0
12020,162.0
3544,269.0
13527,200.0
18523,258.0
6467,306.0
11528,281.0
13123,332.0
6687,364.0
20221,258.0
4075,372.0
9415,98.0
8093,278.0
15839,281.0
10239,161.0
16462,270.0
19427,207.0
17343,385.0
14268,73.0
8369,156.0
6488,358.0
15022,426.0
8871,399.0
11392,350.0
8984,244.0
18568,277.0
5932,291.0
9699,405.0
15010,267.0
13615,420.0
16673,392.0
19735,394.0
6503,219.0
14581,231.0
6719,193.0
12778,336.0
3711,174.0
17179,304.0
7176,503.0
15524,404.0
15973,326.0
7539,293.0
4333,442.0
17874,222.0
13208,414.0
13782,328.0
12041,332.0
12550,226.0
264,224.0
13417,201.0
8811,363.0
8294,289.0
8101,444.0
19670,350.0
5770,414.0
19061,202.0
1103,333.0
9347,107.0
12572,373.0
5325,333.0
8631,45.0
22,258.0
19838,394.0
10449,382.0
6545,307.0
7434,335.0
4543,387.0
5256,469.0
7182,305.0
12566,100.0
19173,259.0
16201,204.0
14848,416.0
13664,205.0
16384,310.0
2517,281.0
4472,276.0
6571,320.0
18926,236.0
7462,127.0
14697,517.0
14081,197.0
15131,330.0
329,336.0
19011,299.0
15047,279.0
13196,220.0
403,389.0
9305,37.0
7705,258.0
13015,332.0
16216,231.0
14561,165.0
4079,264.0
17139,430.0
17746,321.0
1747,241.0
7372,206.0
5415,166.0
7745,362.0
14944,225.0
16359,213.0
20693,356.0
6510,301.0
19911,401.0
13668,99.0
12168,284.0
20634,427.0
2575,235.0
